{
    "accountTypes": [
        {
          "key": "0",
          "label": "Individual",
          "value": "individual"
        },
        {
          "key": "1",
          "label": "Business",
          "value": "business"
        }
      ],
      "countryFields": [
        {
            "id": "001",
            "country": "Afghanistan",
            "country_code": "AF"
        },
        {
            "id": "002",
            "country": "Aland Islands",
            "country_code": "AX"
        },
        {
            "id": "003",
            "country": "Albania",
            "country_code": "AL"
        },

        {
            "id": "005",
            "country": "Algeria",
            "country_code": "DZ"
        },
        {
            "id": "006",
            "country": "American Samoa",
            "country_code": "AS"
        },
        {
            "id": "007",
            "country": "Andorra",
            "country_code": "AD"
        },
        {
            "id": "008",
            "country": "Angola",
            "country_code": "AO"
        },
        {
            "id": "009",
            "country": "Anguilla",
            "country_code": "AI"
        },
        {
            "id": "010",
            "country": "Antarctica",
            "country_code": "AQ"
        },
        {
            "id": "011",
            "country": "Antigua and Barbuda",
            "country_code": "AG"
        },
        {
            "id": "012",
            "country": "Argentina",
            "country_code": "AR"
        },
        {
            "id": "013",
            "country": "Armenia",
            "country_code": "AM"
        },
        {
            "id": "014",
            "country": "Aruba",
            "country_code": "AW"
        },
        {
            "id": "015",
            "country": "Australia",
            "country_code": "AU"
        },
        {
            "id": "016",
            "country": "Austria",
            "country_code": "AT"
        },
        {
            "id": "017",
            "country": "Azerbaijan",
            "country_code": "AZ"
        },
        {
            "id": "018",
            "country": "Bahamas",
            "country_code": "BS"
        },
        {
            "id": "019",
            "country": "Bahrain",
            "country_code": "BH"
        },
        {
            "id": "020",
            "country": "Bangladesh",
            "country_code": "BD"
        },
        {
            "id": "021",
            "country": "Barbados",
            "country_code": "BB"
        },
        {
            "id": "022",
            "country": "Belarus",
            "country_code": "BY"
        },
        {
            "id": "023",
            "country": "Belgium",
            "country_code": "BE"
        },
        {
            "id": "024",
            "country": "Belize",
            "country_code": "BZ"
        },
        {
            "id": "025",
            "country": "Benin",
            "country_code": "BJ"
        },
        {
            "id": "026",
            "country": "Bermuda",
            "country_code": "BM"
        },
        {
            "id": "027",
            "country": "Bhutan",
            "country_code": "BT"
        },
        {
            "id": "028",
            "country": "Bolivia",
            "country_code": "BO"
        },
        {
            "id": "029",
            "country": "Bonaire, Sint Eustatius and Saba",
            "country_code": "BES"
        },
        {
            "id": "030",
            "country": "Bosnia and Herzegovina",
            "country_code": "BA"
        },
        {
            "id": "031",
            "country": "Botswana",
            "country_code": "BW"
        },
        {
            "id": "032",
            "country": "Bouvet Island",
            "country_code": "BV"
        },
        {
            "id": "033",
            "country": "Brazil",
            "country_code": "BR"
        },
        {
            "id": "034",
            "country": "British Indian Ocean Territory",
            "country_code": "IO"
        },
        {
            "id": "035",
            "country": "Brunei Darussalam",
            "country_code": "BN"
        },
        {
            "id": "036",
            "country": "Bulgaria",
            "country_code": "BG"
        },
        {
            "id": "037",
            "country": "Burkina Faso",
            "country_code": "BF"
        },
        {
            "id": "038",
            "country": "Burundi",
            "country_code": "BI"
        },
        {
            "id": "039",
            "country": "Cabo Verde",
            "country_code": "CPV"
        },
        {
            "id": "040",
            "country": "Cambodia",
            "country_code": "KH"
        },
        {
            "id": "041",
            "country": "Cameroon",
            "country_code": "CM"
        },
        {
            "id": "042",
            "country": "Canada",
            "country_code": "CA"
        },
        {
            "id": "043",
            "country": "Cayman Islands",
            "country_code": "KY"
        },
        {
            "id": "044",
            "country": "Central African Republic",
            "country_code": "CF"
        },
        {
            "id": "045",
            "country": "Chad",
            "country_code": "TD"
        },
        {
            "id": "046",
            "country": "Chile",
            "country_code": "CL"
        },
        {
            "id": "047",
            "country": "China",
            "country_code": "CN"
        },
        {
            "id": "048",
            "country": "Christmas Island",
            "country_code": "CX"
        },
        {
            "id": "049",
            "country": "Cocos (Keeling) Islands",
            "country_code": "CC"
        },
        {
            "id": "050",
            "country": "Colombia",
            "country_code": "CO"
        },
        {
            "id": "051",
            "country": "Comoros",
            "country_code": "KM"
        },
        {
            "id": "052",
            "country": "Congo",
            "country_code": "CG"
        },
        {
            "id": "053",
            "country": "Cook Islands",
            "country_code": "CK"
        },
        {
            "id": "054",
            "country": "Costa Rica",
            "country_code": "CR"
        },
        {
            "id": "055",
            "country": "Cote d'Ivoire",
            "country_code": "CI"
        },
        {
            "id": "056",
            "country": "Croatia",
            "country_code": "HR"
        },
        {
            "id": "057",
            "country": "Cuba",
            "country_code": "CU"
        },
        {
            "id": "058",
            "country": "Curaçao",
            "country_code": "CUW"
        },
        
        {
            "id": "060",
            "country": "Cyprus",
            "country_code": "CY"
        },
        {
            "id": "061",
            "country": "Denmark",
            "country_code": "DK"
        },
        {
            "id": "062",
            "country": "Djibouti",
            "country_code": "DJ"
        },
        {
            "id": "063",
            "country": "Dominica",
            "country_code": "DM"
        },
        {
            "id": "064",
            "country": "Dominican Republic",
            "country_code": "DO"
        },
        {
            "id": "065",
            "country": "Ecuador",
            "country_code": "EC"
        },
        {
            "id": "066",
            "country": "Egypt",
            "country_code": "EG"
        },
        {
            "id": "067",
            "country": "El Salvador",
            "country_code": "SV"
        },
        {
            "id": "068",
            "country": "Equatorial Guinea",
            "country_code": "GQ"
        },
        {
            "id": "069",
            "country": "Eritrea",
            "country_code": "ER "
        },
        {
            "id": "070",
            "country": "Estonia",
            "country_code": "EE"
        },
        {
            "id": "071",
            "country": "Eswatini",
            "country_code": "SWZ"
        },
        {
            "id": "072",
            "country": "Ethiopia",
            "country_code": "ET"
        },
        {
            "id": "073",
            "country": "Falkland Islands[Malvinas]",
            "country_code": "FK"
        },
        {
            "id": "074",
            "country": "Faroe Islands",
            "country_code": "FO"
        },
        {
            "id": "075",
            "country": "Fiji",
            "country_code": "FJ"
        },
        {
            "id": "076",
            "country": "Finland",
            "country_code": "FI"
        },
        {
            "id": "077",
            "country": "France",
            "country_code": "FR"
        },
        {
            "id": "078",
            "country": "French Guiana",
            "country_code": "GF"
        },
        {
            "id": "079",
            "country": "French Polynesia",
            "country_code": "PF"
        },
        {
            "id": "080",
            "country": "French Southern Territories",
            "country_code": "TF"
        },
        {
            "id": "081",
            "country": "Gabon",
            "country_code": "GA"
        },
        {
            "id": "082",
            "country": "Gambia",
            "country_code": "GM"
        },
        {
            "id": "083",
            "country": "Georgia",
            "country_code": "GE"
        },
        {
            "id": "084",
            "country": "Germany",
            "country_code": "DE"
        },
        {
            "id": "085",
            "country": "Ghana",
            "country_code": "GH"
        },
        {
            "id": "086",
            "country": "Gibraltar",
            "country_code": "GI"
        },
        {
            "id": "087",
            "country": "Greece",
            "country_code": "GR"
        },
        {
            "id": "088",
            "country": "Greenland",
            "country_code": "GL"
        },
        {
            "id": "089",
            "country": "Grenada",
            "country_code": "GD"
        },
        {
            "id": "090",
            "country": "Guadeloupe",
            "country_code": "GP"
        },
        {
            "id": "091",
            "country": "Guam",
            "country_code": "GU"
        },
        {
            "id": "092",
            "country": "Guatemala",
            "country_code": "GT"
        },
        {
            "id": "093",
            "country": "Guernsey",
            "country_code": "GG"
        },
        {
            "id": "095",
            "country": "Guinea",
            "country_code": "GN"
        },
        {
            "id": "096",
            "country": "Guinea-Bissau",
            "country_code": "GW"
        },
        {
            "id": "097",
            "country": "Guyana",
            "country_code": "GY"
        },
        {
            "id": "098",
            "country": "Haiti",
            "country_code": "HT"
        },
        {
            "id": "099",
            "country": "Heard Island and McDonald Islands",
            "country_code": "HM"
        },
        {
            "id": "100",
            "country": "Holy See ",
            "country_code": "VA"
        },
        {
            "id": "101",
            "country": "Honduras",
            "country_code": "HN"
        },
        {
            "id": "102",
            "country": "Hong Kong",
            "country_code": "HK"
        },
        {
            "id": "103",
            "country": "Hungary",
            "country_code": "HU"
        },
        {
            "id": "104",
            "country": "Iceland",
            "country_code": "IS"
        },
        {
            "id": "105",
            "country": "India",
            "country_code": "IN"
        },
        {
            "id": "106",
            "country": "Indonesia",
            "country_code": "ID"
        },
        {
            "id": "107",
            "country": "Iran",
            "country_code": "IR"
        },
        {
            "id": "108",
            "country": "Iraq",
            "country_code": "IQ"
        },
        {
            "id": "109",
            "country": "Ireland",
            "country_code": "IE"
        },
        {
            "id": "110",
            "country": "Isle of Man",
            "country_code": "IM"
        },
        {
            "id": "111",
            "country": "Israel",
            "country_code": "IL"
        },
        {
            "id": "112",
            "country": "Italy",
            "country_code": "IT"
        },
        {
            "id": "113",
            "country": "Jamaica",
            "country_code": "JM"
        },
        {
            "id": "114",
            "country": "Japan",
            "country_code": "JP"
        },
        {
            "id": "115",
            "country": "Jordan",
            "country_code": "JO"
        },
        {
            "id": "116",
            "country": "Kazakhstan",
            "country_code": "KZ"
        },
        {
            "id": "117",
            "country": "Kenya",
            "country_code": "KE"
        },
        {
            "id": "118",
            "country": "Kiribati",
            "country_code": "KI"
        },
        {
            "id": "119",
            "country": "Kuwait",
            "country_code": "KW"
        },
        {
            "id": "120",
            "country": "Kyrgyzstan",
            "country_code": "KG"
        },
        {
            "id": "121",
            "country": "Lao People's Democratic Republic",
            "country_code": "LA"
        },
        {
            "id": "122",
            "country": "Latvia",
            "country_code": "LV"
        },
        {
            "id": "123",
            "country": "Lebanon",
            "country_code": "LB"
        },
        {
            "id": "124",
            "country": "Lesotho",
            "country_code": "LS"
        },
        {
            "id": "125",
            "country": "Liberia",
            "country_code": "LR"
        },
        {
            "id": "126",
            "country": "Libya",
            "country_code": "LY"
        },
        {
            "id": "127",
            "country": "Liechtenstein",
            "country_code": "LI"
        },
        {
            "id": "128",
            "country": "Lithuania",
            "country_code": "LT"
        },
        {
            "id": "129",
            "country": "Luxembourg",
            "country_code": "LU"
        },
        {
            "id": "130",
            "country": "Macao",
            "country_code": "MAC"
        },
        {
            "id": "131",
            "country": "Madagascar",
            "country_code": "MG"
        },
        {
            "id": "132",
            "country": "Malawi",
            "country_code": "MW"
        },
        {
            "id": "133",
            "country": "Malaysia",
            "country_code": "MY"
        },
        {
            "id": "134",
            "country": "Maldives",
            "country_code": "MV"
        },
        {
            "id": "135",
            "country": "Mali",
            "country_code": "ML"
        },
        {
            "id": "136",
            "country": "Malta",
            "country_code": "MT"
        },
        {
            "id": "137",
            "country": "Marshall Islands",
            "country_code": "MH"
        },
        {
            "id": "138",
            "country": "Martinique",
            "country_code": "MQ"
        },
        {
            "id": "139",
            "country": "Mauritania",
            "country_code": "MR"
        },
        {
            "id": "140",
            "country": "Mauritius",
            "country_code": "MU"
        },
        {
            "id": "141",
            "country": "Mayotte",
            "country_code": "YT"
        },
        {
            "id": "142",
            "country": "Mexico",
            "country_code": "MX"
        },
        {
            "id": "143",
            "country": "Micronesia",
            "country_code": "FM"
        },
        {
            "id": "144",
            "country": "Monaco",
            "country_code": "MC"
        },
        {
            "id": "145",
            "country": "Mongolia",
            "country_code": "MN"
        },
        {
            "id": "146",
            "country": "Montenegro",
            "country_code": "ME"
        },
        {
            "id": "147",
            "country": "Montserrat",
            "country_code": "MS"
        },
        {
            "id": "148",
            "country": "Morocco",
            "country_code": "MA"
        },
        {
            "id": "149",
            "country": "Mozambique",
            "country_code": "MZ"
        },
        {
            "id": "150",
            "country": "Namibia",
            "country_code": "NA"
        },
        {
            "id": "151",
            "country": "Nauru",
            "country_code": "NR"
        },
        {
            "id": "152",
            "country": "Nepal",
            "country_code": "NP"
        },
        {
            "id": "153",
            "country": "Netherlands",
            "country_code": "NL"
        },
        {
            "id": "154",
            "country": "New Caledonia",
            "country_code": "NC"
        },
        {
            "id": "155",
            "country": "New Zealand",
            "country_code": "NZ"
        },
        {
            "id": "156",
            "country": "Nicaragua",
            "country_code": "NI"
        },
        {
            "id": "157",
            "country": "Niger",
            "country_code": "NE"
        },
        {
            "id": "158",
            "country": "Nigeria",
            "country_code": "NG"
        },
        {
            "id": "159",
            "country": "Niue",
            "country_code": "NU"
        },
        {
            "id": "160",
            "country": "Norfolk Island",
            "country_code": "NF"
        },
        {
            "id": "161",
            "country": "Northern Mariana Islands",
            "country_code": "MP"
        },
        {
            "id": "162",
            "country": "Norway",
            "country_code": "NO"
        },
        {
            "id": "163",
            "country": "Oman",
            "country_code": "OM"
        },
        {
            "id": "164",
            "country": "Pakistan",
            "country_code": "PK"
        },
        {
            "id": "165",
            "country": "Palau",
            "country_code": "PW"
        },
        {
            "id": "166",
            "country": "Palestine",
            "country_code": "PS"
        },
        {
            "id": "167",
            "country": "Panama",
            "country_code": "PA"
        },
        {
            "id": "168",
            "country": "Papua New Guinea",
            "country_code": "PG"
        },
        {
            "id": "169",
            "country": "Paraguay",
            "country_code": "PY"
        },
        {
            "id": "170",
            "country": "Peru",
            "country_code": "PE"
        },
        {
            "id": "171",
            "country": "Philippines",
            "country_code": "PH"
        },
        {
            "id": "172",
            "country": "Pitcairn",
            "country_code": "PN"
        },
        {
            "id": "173",
            "country": "Poland",
            "country_code": "PL"
        },
        {
            "id": "174",
            "country": "Portugal",
            "country_code": "PT"
        },
        {
            "id": "175",
            "country": "Puerto Rico",
            "country_code": "PR"
        },
        {
            "id": "176",
            "country": "Qatar",
            "country_code": "QA"
        },
        {
            "id": "177",
            "country": "Republic of North Macedonia",
            "country_code": "MKD"
        },
        {
            "id": "178",
            "country": "Réunion",
            "country_code": "RE"
        },
        {
            "id": "179",
            "country": "Romania",
            "country_code": "RO"
        },
        {
            "id": "180",
            "country": "Russia",
            "country_code": "RU"
        },
        {
            "id": "181",
            "country": "Rwanda",
            "country_code": "RW"
        },
        {
            "id": "182",
            "country": "Saint Barthélemy",
            "country_code": "BL"
        },
        {
            "id": "183",
            "country": "Saint Helena, Ascension and Tristan da Cunha",
            "country_code": "SH"
        },
        {
            "id": "184",
            "country": "Saint Kitts and Nevis",
            "country_code": "KN"
        },
        {
            "id": "185",
            "country": "Saint Lucia",
            "country_code": "LC"
        },
        {
            "id": "186",
            "country": "Saint Martin (French part)",
            "country_code": "MF"
        },
        {
            "id": "187",
            "country": "Saint Pierre and Miquelon",
            "country_code": "PM"
        },
        {
            "id": "188",
            "country": "Saint Vincent and the Grenadines",
            "country_code": "VC"
        },
        {
            "id": "189",
            "country": "Samoa",
            "country_code": "WS"
        },
        {
            "id": "190",
            "country": "San Marino",
            "country_code": "SM"
        },
        {
            "id": "191",
            "country": "Sao Tome and Principe",
            "country_code": "ST"
        },
        {
            "id": "192",
            "country": "Saudi Arabia",
            "country_code": "SA"
        },
        {
            "id": "193",
            "country": "Senegal",
            "country_code": "SN"
        },
        {
            "id": "194",
            "country": "Serbia",
            "country_code": "RS"
        },
        {
            "id": "195",
            "country": "Seychelles",
            "country_code": "SC"
        },
        {
            "id": "196",
            "country": "Sierra Leone",
            "country_code": "SL"
        },
        {
            "id": "197",
            "country": "Singapore",
            "country_code": "SG"
        },
        {
            "id": "198",
            "country": "Slovakia",
            "country_code": "SK"
        },
        {
            "id": "199",
            "country": "Slovenia",
            "country_code": "SI"
        },
        {
            "id": "200",
            "country": "Solomon Islands",
            "country_code": "SB"
        },
        {
            "id": "201",
            "country": "Somalia",
            "country_code": "SO"
        },
        {
            "id": "202",
            "country": "South Africa",
            "country_code": "ZA"
        },
        {
            "id": "203",
            "country": "South Georgia and the South Sandwich Islands",
            "country_code": "GS"
        },
        {
            "id": "204",
            "country": "South Korea",
            "country_code": "KOR"
        },
        {
            "id": "205",
            "country": "South Sudan",
            "country_code": "SS"
        },
        {
            "id": "206",
            "country": "Spain",
            "country_code": "ES"
        },
        {
            "id": "207",
            "country": "Sri Lanka",
            "country_code": "LK"
        },
        {
            "id": "208",
            "country": "Sudan",
            "country_code": "SD"
        },
        {
            "id": "210",
            "country": "Suriname",
            "country_code": "SR"
        },
        {
            "id": "211",
            "country": "Svalbard and Jan Mayen",
            "country_code": "SJ"
        },
        {
            "id": "212",
            "country": "Sweden",
            "country_code": "SE"
        },
        {
            "id": "213",
            "country": "Switzerland",
            "country_code": "CH"
        },
        {
            "id": "214",
            "country": "Syrian Arab Republic",
            "country_code": "SY"
        },
        {
            "id": "215",
            "country": "Taiwan",
            "country_code": "TW"
        },
        {
            "id": "216",
            "country": "Tajikistan",
            "country_code": "TJ"
        },
        {
            "id": "217",
            "country": "Thailand",
            "country_code": "TH"
        },
        {
            "id": "218",
            "country": "Timor-Leste",
            "country_code": "TL"
        },
        {
            "id": "219",
            "country": "Togo",
            "country_code": "TG"
        },
        {
            "id": "220",
            "country": "Tokelau",
            "country_code": "TK"
        },
        {
            "id": "221",
            "country": "Tonga",
            "country_code": "TO"
        },
        {
            "id": "222",
            "country": "Trinidad and Tobago",
            "country_code": "TT"
        },
        {
            "id": "223",
            "country": "Tunisia",
            "country_code": "TN"
        },
        {
            "id": "224",
            "country": "Turkey",
            "country_code": "TR"
        },
        {
            "id": "225",
            "country": "Turkmenistan",
            "country_code": "TM"
        },
        {
            "id": "226",
            "country": "Turks and Caicos Islands",
            "country_code": "TC"
        },
        {
            "id": "227",
            "country": "Tuvalu",
            "country_code": "TV"
        },
        {
            "id": "228",
            "country": "Uganda",
            "country_code": "UG"
        },
        {
            "id": "229",
            "country": "Ukraine",
            "country_code": "UA"
        },
        {
            "id": "230",
            "country": "United Arab Emirates",
            "country_code": "AE"
        },
        {
            "id": "231",
            "country": "United Kingdom",
            "country_code": "GB"
        },
        {
            "id": "232",
            "country": "United States Minor Outlying Islands",
            "country_code": "UMI"
        },
        {
            "id": "233",
            "country": "United States of America",
            "country_code": "US"
        },
        {
            "id": "234",
            "country": "Uruguay",
            "country_code": "UY"
        },
        {
            "id": "235",
            "country": "Uzbekistan",
            "country_code": "UZ"
        },
        {
            "id": "236",
            "country": "Vatican City",
            "country_code": "EUR"
        },
        {
            "id": "237",
            "country": "Vanuatu",
            "country_code": "VU"
        },
        {
            "id": "238",
            "country": "Venezuela",
            "country_code": "VE"
        },
        {
            "id": "239",
            "country": "Vietnam",
            "country_code": "VN"
        },
        {
            "id": "240",
            "country": "Virgin Islands (British)",
            "country_code": "VGB"
        },
        {
            "id": "241",
            "country": "Virgin Islands (U.S.)",
            "country_code": "VI"
        },
        {
            "id": "242",
            "country": "Wallis and Futuna",
            "country_code": "WF"
        },
        {
            "id": "243",
            "country": "Western Sahara",
            "country_code": "EH"
        },
        {
            "id": "244",
            "country": "Yemen",
            "country_code": "YE"
        },
        {
            "id": "245",
            "country": "Zambia",
            "country_code": "ZM"
        },
        {
            "id": "246",
            "country": "Zimbabwe",
            "country_code": "ZW"
        }
    ]
      
      
}